SampleId	ClusterId	ChainId	Chromosome	PosStart	PosEnd	LinkPloidy	InDoubleMinute
COLO829v003T	2	0	chr9	T	28031837	0.8129	false
COLO829v003T	2	0	chr9	28034469	28059142	0.8129	false
COLO829v003T	2	0	chr9	28031865	28034300	0.8129	false
COLO829v003T	2	0	chr9	28157694	C	0.8129	false
COLO829v003T	3	1	chr9	30338967	C	1.7556	false
COLO829v003T	4	1	chr7	T	52372657	2.3731	false
COLO829v003T	4	1	chr7	52372691	C	2.3731	false
COLO829v003T	5	1	chr7	T	57403873	1.4800	false
COLO829v003T	5	1	chr7	57436404	C	1.4800	false
COLO829v003T	6	1	chr7	C	78352522	0.6315	false
COLO829v003T	6	1	chr7	78452932	T	0.6315	false
COLO829v003T	7	1	chr7	C	78560889	0.7017	false
COLO829v003T	7	1	chr7	78628370	T	0.7017	false
COLO829v003T	8	1	chr7	86215352	T	0.6891	false
COLO829v003T	8	1	chr7	C	86224384	0.6891	false
COLO829v003T	9	1	chr7	104844621	T	1.7018	false
COLO829v003T	9	1	chr7	C	104971854	1.7018	false
COLO829v003T	10	1	chr7	C	110753276	0.3347	false
COLO829v003T	10	1	chr7	110754405	T	0.3347	false
COLO829v003T	11	0	chr7	C	126106069	1.6606	false
COLO829v003T	11	0	chr7	126526847	126527390	1.6606	false
COLO829v003T	11	2	chr7	126458435	T	1.9256	false
COLO829v003T	11	2	chr7	126527389	T	1.9256	false
COLO829v003T	13	1	chr7	C	144256000	2.2500	false
COLO829v003T	14	0	chr7	144391701	144393372	2.0452	false
COLO829v003T	16	0	chr8	C	77603298	0.1251	false
COLO829v003T	16	0	chr8	77605541	77606000	0.1251	false
COLO829v003T	16	0	chr8	77605184	77605541	0.1251	false
COLO829v003T	16	0	chr8	111050983	111051101	0.1251	false
COLO829v003T	16	0	chr8	77606004	111050190	0.1251	false
COLO829v003T	16	0	chr8	111051353	T	0.1251	false
COLO829v003T	17	1	chr8	130235870	T	0.7201	false
COLO829v003T	17	1	chr8	C	130262400	0.7201	false
COLO829v003T	18	1	chrX	T	31178826	0.9323	false
COLO829v003T	18	1	chrX	31198094	C	0.9323	false
COLO829v003T	21	1	chrX	T	32080415	0.8415	false
COLO829v003T	21	1	chrX	32183135	C	0.8415	false
COLO829v003T	22	1	chrX	T	34041661	1.5551	false
COLO829v003T	22	1	chrX	34044588	C	1.5551	false
COLO829v003T	23	1	chr5	T	28787889	0.9560	false
COLO829v003T	23	1	chr5	28962989	C	0.9560	false
COLO829v003T	24	1	chr5	C	179546287	1.1641	false
COLO829v003T	24	1	chr5	179546321	T	1.1641	false
COLO829v003T	26	1	chr6	C	64588483	0.6886	false
COLO829v003T	27	0	chr15	23472019	T	1.7499	false
COLO829v003T	27	0	chr6	138452922	138453044	1.7499	false
COLO829v003T	27	0	chr15	C	23467471	1.7499	false
COLO829v003T	29	1	chr3	T	25157914	0.9350	false
COLO829v003T	25	1	chr3	24523616	C	2.0012	false
COLO829v003T	25	1	chr3	24524690	26622430	4.0024	false
COLO829v003T	25	1	chr3	26390427	26623008	4.0024	false
COLO829v003T	25	1	chr6	26193812	26193889	2.0012	false
COLO829v003T	25	1	chr6	26193812	26194178	2.0012	false
COLO829v003T	25	0	chr3	25290093	25359568	1.6493	false
COLO829v003T	25	0	chr10	58717464	58717662	1.6493	false
COLO829v003T	25	0	chr12	72273112	72273294	1.6493	false
COLO829v003T	25	0	chr3	25290093	25359111	1.6493	false
COLO829v003T	33	0	chr3	T	60147026	0.8696	false
COLO829v003T	33	0	chr3	60218815	60218857	0.8696	false
COLO829v003T	33	0	chr3	60218858	60218895	0.8696	false
COLO829v003T	34	1	chr3	T	60886452	0.7408	false
COLO829v003T	34	1	chr3	61027542	C	0.7408	false
COLO829v003T	35	1	chr3	C	186724386	0.2850	false
COLO829v003T	35	1	chr3	186795844	T	0.2850	false
COLO829v003T	36	1	chr3	C	193541121	0.0547	false
COLO829v003T	36	1	chr14	91649662	T	0.0547	false
COLO829v003T	36	2	chr3	193541224	T	0.2235	false
COLO829v003T	37	0	chr19	T	17286001	0.9703	false
COLO829v003T	37	0	chr10	7017549	7090912	0.9703	false
COLO829v003T	37	0	chr19	17286833	C	0.9703	false
COLO829v003T	37	2	chr10	7592410	C	0.8918	false
COLO829v003T	37	2	chr18	9868620	C	0.8918	false
COLO829v003T	41	1	chr10	C	53716586	2.0323	false
COLO829v003T	41	1	chr10	53717138	T	2.0323	false
COLO829v003T	40	0	chr10	T	33097525	0.4181	false
COLO829v003T	40	0	chr10	35830133	35830199	0.4181	false
COLO829v003T	40	0	chr1	T	86871328	0.4181	false
COLO829v003T	40	2	chr10	C	81882050	0.1978	false
COLO829v003T	40	2	chr10	82067910	T	0.1978	false
COLO829v003T	40	3	chr10	T	35829480	0.0055	false
COLO829v003T	40	3	chr10	C	84297669	0.0055	false
COLO829v003T	43	1	chr10	C	87940542	1.6952	false
COLO829v003T	43	1	chr10	87952584	T	1.6952	false
COLO829v003T	46	0	chr11	40838309	C	0.1646	false
COLO829v003T	46	0	chr11	37438375	37438553	0.1646	false
COLO829v003T	46	0	chr11	T	40837689	0.1646	false
COLO829v003T	47	0	chr11	79480570	T	0.0911	false
COLO829v003T	47	0	chr2	85108248	85108419	0.0911	false
COLO829v003T	47	0	chr11	C	79480583	0.0911	false
COLO829v003T	47	2	chr2	85108549	C	0.0373	false
COLO829v003T	48	1	chr11	C	81074557	1.1538	false
COLO829v003T	48	1	chr11	81382739	T	1.1538	false
COLO829v003T	49	1	chr22	C	33363263	1.1973	false
COLO829v003T	49	1	chr22	33442413	T	1.1973	false
COLO829v003T	50	1	chr1	T	117973563	1.3094	false
COLO829v003T	50	1	chr1	117973599	C	1.3094	false
COLO829v003T	51	1	chr1	149390803	T	1.6605	false
COLO829v003T	51	1	chr1	C	149390831	1.6605	false
COLO829v003T	52	1	chr1	C	207807886	0.5158	false
COLO829v003T	52	1	chr1	207841475	T	0.5158	false
COLO829v003T	53	1	chr1	224458901	T	1.6495	false
COLO829v003T	53	1	chr1	C	224612418	1.6495	false
COLO829v003T	54	1	chr1	C	224595093	1.6334	false
COLO829v003T	54	1	chr1	224598332	T	1.6334	false
COLO829v003T	55	1	chr12	C	91767369	2.0097	false
COLO829v003T	55	1	chr12	91767405	T	2.0097	false
COLO829v003T	56	1	chr12	C	129287232	1.9701	false
COLO829v003T	56	2	chr12	129287235	T	1.9529	false
COLO829v003T	57	0	chr2	94282242	T	0.2356	false
COLO829v003T	57	0	chr2	94278559	94282214	0.2356	false
COLO829v003T	57	0	chr2	94289920	T	0.2356	false
COLO829v003T	58	1	chr13	59982893	T	0.1829	false
COLO829v003T	59	1	chr20	T	13180081	2.0847	false
COLO829v003T	59	1	chr20	13183454	C	2.0847	false
COLO829v003T	61	1	chr20	T	15008178	0.5092	false
COLO829v003T	61	1	chr20	15128172	C	0.5092	false
COLO829v003T	60	0	chr20	14982310	15019977	1.2673	false
COLO829v003T	60	0	chr20	15033197	C	1.2673	false
COLO829v003T	60	2	chr20	T	14982310	1.7803	false
COLO829v003T	60	2	chr20	15033303	C	1.7803	false
COLO829v003T	63	0	chr15	23440460	T	1.4089	false
COLO829v003T	63	0	chr20	38645825	38646024	1.4089	false
COLO829v003T	63	0	chr15	23461732	T	1.4089	false
COLO829v003T	63	1	chr20	38645824	T	1.4089	false
COLO829v003T	63	1	chr15	23440925	23461732	1.4089	false
COLO829v003T	64	1	chr18	C	68712224	0.8735	false
COLO829v003T	64	1	chr18	68715590	T	0.8735	false
COLO829v003T	65	1	chr14	40748748	T	0.2451	false
COLO829v003T	65	1	chr14	C	40774901	0.2451	false
COLO829v003T	66	1	chr14	72547941	T	5.6120	false
COLO829v003T	66	1	chr14	C	72548038	5.6120	false
COLO829v003T	67	1	chr15	C	23586512	2.0635	false
COLO829v003T	67	1	chr15	C	23747555	2.0635	false
COLO829v003T	67	2	chr7	C	151049570	1.9987	false
COLO829v003T	67	2	chr15	84141973	T	1.9987	false
COLO829v003T	68	1	chr15	41329096	T	2.0173	false
COLO829v003T	68	1	chr15	C	41336310	2.0173	false
COLO829v003T	69	1	chr16	T	34427000	1.2800	false
COLO829v003T	70	1	chr16	C	58590641	1.7734	false
COLO829v003T	70	1	chr16	58629427	T	1.7734	false
COLO829v003T	71	1	chr16	C	78894739	1.0444	false
COLO829v003T	71	1	chr16	79061107	T	1.0444	false
COLO829v003T	72	1	chrX	T	31283086	0.9687	false
COLO829v003T	72	1	chrX	32020633	C	0.9687	false
COLO829v003T	73	1	chrX	T	32059738	0.8990	false
COLO829v003T	73	1	chrX	32274980	C	0.8990	false
COLO829v003T	74	1	chr4	65346239	T	7.6211	false
COLO829v003T	74	1	chr4	C	65346321	7.6211	false
COLO829v003T	75	1	chr4	187075167	T	6.3790	false
COLO829v003T	75	1	chr4	C	187075227	6.3790	false
